<?xml version="1.0" encoding="UTF-8"?>

<!-- This campaign is an example of how students can use the template to
create their own campaigns. It contains a simple survey about birds they encounter during the day:
Survey of Bird Sightings

1) What type of bird do you see?
2) How many are in the flock?
3) What is the bird's dominate color (pick only 1)?
 · brown
 · gray
 · black	
 · blue
 · red
 · white
4) What is its relative size (very small = 1, very big = 5)?
5) Describe the bird's behavior or song (100 characters or less).
6) Take a picture of the bird.
-->

<campaign>
  <campaignUrn>urn:campaign:mobilize:example1</campaignUrn>
  <campaignName>Mobilize Simple Campaign Example1</campaignName>
  <iconUrl>http://web.ohmage.org/mobilize/img/ad_icon.png</iconUrl>
  <!-- campaignUrn: campaign ID. Need to be unique across all campaigns. 
       campaignName: campaign name. 
       iconUrl: the URL to retrieve the campaign icon from. Please note that 
                the icon should be fair use with no copyright restriction.
  -->


  <surveys>
    <!-- This survey contains simple prompts that are frequently used in many 
	 campaigns. These prompts are: single choice, number, text and photo.
    -->

   <!-- ===================== begin survey ================================ -->
    <survey>
      <!-- survey meta data -->
      <id>birdSightings</id>
      <title>Bird Sightings</title>
      <description>This survey asks about birds sighted during the day.</description>
      <submitText>Thank you for recording bird sightings!</submitText>
      <anytime>true</anytime>


      <!-- contentList lists all prompts in a survey -->    
      <contentList>

        <!-- ******** text prompt type: begin ***************************** -->
        <prompt>
          <id>birdType</id>
          <displayLabel>Bird Type</displayLabel>
          <promptText>What type of bird do you see?</promptText>
          <abbreviatedText>Bird?</abbreviatedText>
          <promptType>text</promptType>
	  <!-- properties of the number prompt are:
              <min>: the minimum length of the input text.
              <max>: the maximum length of the input text.
	      Only the label of min and max should be changed.
          -->
	  <properties>
            <property>
              <key>min</key>
              <label>1</label>
            </property>
            <property>
              <key>max</key>
              <label>30</label>
            </property>
	  </properties>
	  <!-- default option. Delete the <default> line if default is not needed. -->
	  <default>Bird type</default>
	  <!-- skippable can be assigned either true or false. If skippable is true, the question 
	       is optional and users can skip to the next question. If skippable is false, users 
	       need to answer this question to go forward. 
	  -->
          <skippable>false</skippable>
          <skipLabel>Skip</skipLabel>
        </prompt>

        <!-- ******** text prompt type: end ******************************* -->


        <!-- ******** number prompt type: begin *************************** -->
        <prompt>
          <id>flockSize</id>
          <displayLabel>Flock Size</displayLabel>
          <promptText>How many birds are in the flock?</promptText>
          <abbreviatedText>Flock size?</abbreviatedText>
          <promptType>number</promptType>
	  <!-- properties of the number prompt are:
              <min>: the minimum number to choose from.
              <max>: the maximum number to choose from.
          -->
          <properties>
            <property>
              <key>min</key>
              <label>1</label>
            </property>
            <property>
              <key>max</key>
              <label>20</label>
            </property>
          </properties>
          <!-- default option. Delete the <default> line if default is not needed. -->
          <default>1</default>  
	  <!-- skippable can be assigned either true or false. If skippable is true, the question 
	       is optional and users can skip to the next question. If skippable is false, users 
	       need to answer this question to go forward. 
	  -->
          <skippable>false</skippable>
          <skipLabel>Skip</skipLabel>
        </prompt>
        <!-- ******** number prompt type: end ***************************** -->


	
        <!-- ******** singleChoice prompt type: begin ********************* -->
        <prompt>
          <id>Color</id>
          <!-- displayLabel: a label or name of a prompt to be displayed on visualization. 
	       This feature is not current implemented at the moment. 
           -->
          <displayLabel>Color</displayLabel>
          <promptText>What is the bird's dominate color?</promptText>
          <abbreviatedText>Bird's color?</abbreviatedText>
	  <!-- promptType value has to be one of the supported prompt types. -->
          <promptType>single_choice</promptType>
          <!-- properties: options for users to choose from. 
               <key> : an index to each option. It usually starts from 0. The key is used for 
	               comparison in the conditional statement. 
               <label> : text that appears for each option. 
               <value> : ordinal value (i.e. a number) that can be assigned to each option. 
                         This field is optional. Not all categorical options can be assigned
			 ordinal value. Remove the <value> lines if it is not applicable. 
           -->
          <properties>
            <property>
              <key>0</key>
              <label>Brown</label>
            </property>
            <property>
              <key>1</key>
              <label>Gray</label>
            </property>
			<property>
              <key>2</key>
              <label>Black</label>
            </property>
			<property>
              <key>3</key>
              <label>Blue</label>
            </property>
            <property>
              <key>4</key>
              <label>Red</label>
            </property>
			<property>
              <key>5</key>
              <label>White</label>
            </property>
          </properties>
          <!-- default option. Delete the <default> line if default is not needed. -->
          <default>1</default>
	  <!-- skippable can be assigned either true or false. If skippable is true, the question 
	       is optional and users can skip to the next question. If skippable is false, users 
	       need to answer this question to go forward. 
	  -->
          <skippable>false</skippable>
          <skipLabel>Skip</skipLabel>
        </prompt>
        <!-- ******** singleChoice prompt type: end *********************** -->


        <!-- ******** number prompt type: begin *************************** -->
        <prompt>
          <id>size</id>
          <displayLabel>Size</displayLabel>
          <promptText>What is the bird's size(very small=1, very big=5)?</promptText>
          <abbreviatedText>Size of the bird.</abbreviatedText>
          <promptType>number</promptType>
	  <!-- properties of the number prompt are:
              <min>: the minimum number to choose from.
              <max>: the maximum number to choose from.
          -->
          <properties>
            <property>
              <key>min</key>
              <label>1</label>
            </property>
            <property>
              <key>max</key>
              <label>5</label>
            </property>
          </properties>
          <!-- default option. Delete the <default> line if default is not needed. -->
          <default>3</default>  
	  <!-- skippable can be assigned either true or false. If skippable is true, the question 
	       is optional and users can skip to the next question. If skippable is false, users 
	       need to answer this question to go forward. 
	  -->
          <skippable>false</skippable>
          <skipLabel>Skip</skipLabel>
        </prompt>
        <!-- ******** number prompt type: end ***************************** -->


        <!-- ******** text prompt type: begin ***************************** -->
        <prompt>
          <id>behavior</id>
          <displayLabel>Behavior</displayLabel>
          <promptText>Describe the bird's behavior or song (100 characters or less)</promptText>
          <abbreviatedText>Bird's behavior?</abbreviatedText>
          <promptType>text</promptType>
	  <!-- properties of the number prompt are:
              <min>: the minimum length of the input text.
              <max>: the maximum length of the input text.
	      Only the label of min and max should be changed.
          -->
	  <properties>
            <property>
              <key>min</key>
              <label>1</label>
            </property>
            <property>
              <key>max</key>
              <label>100</label>
            </property>
	  </properties>
	  <!-- default option. Delete the <default> line if default is not needed. -->
	  <default>Flying</default>
	  <!-- skippable can be assigned either true or false. If skippable is true, the question 
	       is optional and users can skip to the next question. If skippable is false, users 
	       need to answer this question to go forward. 
	  -->
          <skippable>false</skippable>
          <skipLabel>Skip</skipLabel>
        </prompt>

        <!-- ******** text prompt type: end ******************************* -->



        <!-- ******** photo prompt type: begin **************************** -->
        <prompt>
          <id>birdPhoto</id>
          <displayLabel>Bird</displayLabel>
          <promptText>Take a picture of the bird.</promptText>
          <abbreviatedText>Take a picture.</abbreviatedText>
          <promptType>photo</promptType>
	  <!-- properties are: 
	       <maxdimension>: the maximum dimension of the picture. This setting 
	       will affect the amount of data sending to the server. 
	       Recommened value: 800. This will generate around 50KB per image. 
	       For highest picture quality, set this value to 3000. This could 
	       generate 3-5MB per image. 
          --> 
          <properties>
            <property>
              <key>maxdimension</key>
              <label>800</label>
            </property>
          </properties>
	  <!-- skippable can be assigned either true or false. If skippable is true, the question 
	       is optional and users can skip to the next question. If skippable is false, users 
	       need to answer this question to go forward. 
	  -->
          <skippable>true</skippable>
          <skipLabel>Skip</skipLabel>
        </prompt>
        <!-- ******** photo prompt type: end ****************************** -->

      </contentList>
   </survey>
   <!-- ===================== end survey ================================== -->


  </surveys>
</campaign>